<?xml version="1.0" encoding="utf-8"?>
<!DOCTYPE plist PUBLIC "-//Apple Computer//DTD PLIST 1.0//EN" "http://www.apple.com/DTDs/PropertyList-1.0.dtd">
<plist version="1.0">
  <dict>
    <key>originatorVersion</key>
    <string>SEB_Win_2.1.1</string>
    <key>startURL</key>
    <string>https://safeexambrowser.org/start</string>
    <key>startResource</key>
    <string />
    <key>sebServerURL</key>
    <string />
    <key>hashedAdminPassword</key>
    <string />
    <key>allowQuit</key>
    <true />
    <key>ignoreExitKeys</key>
    <true />
    <key>hashedQuitPassword</key>
    <string />
    <key>exitKey1</key>
    <integer>2</integer>
    <key>exitKey2</key>
    <integer>10</integer>
    <key>exitKey3</key>
    <integer>5</integer>
    <key>sebMode</key>
    <integer>0</integer>
    <key>browserMessagingSocket</key>
    <string>ws://localhost:8706</string>
    <key>browserMessagingPingTime</key>
    <integer>120000</integer>
    <key>sebConfigPurpose</key>
    <integer>0</integer>
    <key>allowPreferencesWindow</key>
    <true />
    <key>useAsymmetricOnlyEncryption</key>
    <false />
    <key>browserViewMode</key>
    <integer>0</integer>
    <key>mainBrowserWindowWidth</key>
    <string>100%</string>
    <key>mainBrowserWindowHeight</key>
    <string>100%</string>
    <key>mainBrowserWindowPositioning</key>
    <integer>1</integer>
    <key>enableBrowserWindowToolbar</key>
    <false />
    <key>hideBrowserWindowToolbar</key>
    <false />
    <key>showMenuBar</key>
    <false />
    <key>showTaskBar</key>
    <true />
    <key>taskBarHeight</key>
    <integer>40</integer>
    <key>touchOptimized</key>
    <false />
    <key>enableZoomText</key>
    <true />
    <key>enableZoomPage</key>
    <true />
    <key>zoomMode</key>
    <integer>0</integer>
    <key>allowSpellCheck</key>
    <false />
    <key>allowDictionaryLookup</key>
    <false />
    <key>allowSpellCheckDictionary</key>
    <array></array>
    <key>additionalDictionaries</key>
    <array></array>
    <key>showReloadButton</key>
    <true />
    <key>showTime</key>
    <true />
    <key>showInputLanguage</key>
    <true />
    <key>enableTouchExit</key>
    <false />
    <key>oskBehavior</key>
    <integer>2</integer>
    <key>audioControlEnabled</key>
    <true />
    <key>audioMute</key>
    <false />
    <key>audioVolumeLevel</key>
    <integer>25</integer>
    <key>audioSetVolumeLevel</key>
    <false />
    <key>browserScreenKeyboard</key>
    <false />
    <key>newBrowserWindowByLinkPolicy</key>
    <integer>2</integer>
    <key>newBrowserWindowByScriptPolicy</key>
    <integer>2</integer>
    <key>newBrowserWindowByLinkBlockForeign</key>
    <false />
    <key>newBrowserWindowByScriptBlockForeign</key>
    <false />
    <key>newBrowserWindowByLinkWidth</key>
    <string>1000</string>
    <key>newBrowserWindowByLinkHeight</key>
    <string>100%</string>
    <key>newBrowserWindowByLinkPositioning</key>
    <integer>2</integer>
    <key>enablePlugIns</key>
    <true />
    <key>enableJava</key>
    <false />
    <key>enableJavaScript</key>
    <true />
    <key>blockPopUpWindows</key>
    <false />
    <key>allowVideoCapture</key>
    <false />
    <key>allowAudioCapture</key>
    <false />
    <key>allowBrowsingBackForward</key>
    <false />
    <key>newBrowserWindowNavigation</key>
    <true />
    <key>removeBrowserProfile</key>
    <false />
    <key>removeLocalStorage</key>
    <false />
    <key>enableSebBrowser</key>
    <true />
    <key>browserWindowAllowReload</key>
    <true />
    <key>newBrowserWindowAllowReload</key>
    <true />
    <key>showReloadWarning</key>
    <true />
    <key>newBrowserWindowShowReloadWarning</key>
    <false />
    <key>browserUserAgentWinDesktopMode</key>
    <integer>0</integer>
    <key>browserUserAgentWinDesktopModeCustom</key>
    <string />
    <key>browserUserAgentWinTouchMode</key>
    <integer>0</integer>
    <key>browserUserAgentWinTouchModeIPad</key>
    <string>Mozilla/5.0 (iPad; CPU OS 11_3 like Mac OS X) AppleWebKit/605.1.15 (KHTML, like Gecko) Version/11.3 Mobile/15E216 Safari/605.1.15</string>
    <key>browserUserAgentWinTouchModeCustom</key>
    <string />
    <key>browserUserAgent</key>
    <string />
    <key>browserUserAgentMac</key>
    <integer>0</integer>
    <key>browserUserAgentMacCustom</key>
    <string />
    <key>browserWindowTitleSuffix</key>
    <string />
    <key>allowDownUploads</key>
    <true />
    <key>downloadDirectoryOSX</key>
    <string>~/Downloads</string>
    <key>downloadDirectoryWin</key>
    <string />
    <key>openDownloads</key>
    <false />
    <key>chooseFileToUploadPolicy</key>
    <integer>0</integer>
    <key>downloadPDFFiles</key>
    <false />
    <key>allowPDFPlugIn</key>
    <false />
    <key>downloadAndOpenSebConfig</key>
    <true />
    <key>examKeySalt</key>
    <data>/5vlF76sb+5vgkhjiNTOn7l1SN3Ho2UAMJD3TtLo49M=</data>
    <key>browserExamKey</key>
    <string />
    <key>browserURLSalt</key>
    <true />
    <key>sendBrowserExamKey</key>
    <false />
    <key>quitURL</key>
    <string />
    <key>quitURLConfirm</key>
    <true />
    <key>restartExamURL</key>
    <string />
    <key>restartExamUseStartURL</key>
    <false />
    <key>restartExamText</key>
    <string />
    <key>restartExamPasswordProtected</key>
    <true />
    <key>additionalResources</key>
    <array></array>
    <key>monitorProcesses</key>
    <true />
    <key>allowSwitchToApplications</key>
    <false />
    <key>allowFlashFullscreen</key>
    <false />
    <key>permittedProcesses</key>
    <array>
      <dict>
        <key>active</key>
        <true />
        <key>autostart</key>
        <true />
        <key>iconInTaskbar</key>
        <true />
        <key>runInBackground</key>
        <false />
        <key>allowUserToChooseApp</key>
        <false />
        <key>strongKill</key>
        <false />
        <key>os</key>
        <integer>1</integer>
        <key>title</key>
        <string>SEB</string>
        <key>description</key>
        <string />
        <key>executable</key>
        <string>firefox.exe</string>
        <key>originalName</key>
        <string>firefox.exe</string>
        <key>path</key>
        <string>../xulrunner/</string>
        <key>identifier</key>
        <string>Firefox</string>
        <key>windowHandlingProcess</key>
        <string />
        <key>arguments</key>
        <array></array>
      </dict>
    </array>
    <key>prohibitedProcesses</key>
    <array>
      <dict>
        <key>active</key>
        <true />
        <key>currentUser</key>
        <true />
        <key>strongKill</key>
        <false />
        <key>os</key>
        <integer>1</integer>
        <key>executable</key>
        <string>join.me</string>
        <key>originalName</key>
        <string>join.me</string>
        <key>description</key>
        <string />
        <key>identifier</key>
        <string />
        <key>windowHandlingProcess</key>
        <string />
        <key>user</key>
        <string />
      </dict>
      <dict>
        <key>active</key>
        <true />
        <key>currentUser</key>
        <true />
        <key>strongKill</key>
        <false />
        <key>os</key>
        <integer>1</integer>
        <key>executable</key>
        <string>RPCSuite</string>
        <key>originalName</key>
        <string>RPCSuite</string>
        <key>description</key>
        <string />
        <key>identifier</key>
        <string />
        <key>windowHandlingProcess</key>
        <string />
        <key>user</key>
        <string />
      </dict>
      <dict>
        <key>active</key>
        <true />
        <key>currentUser</key>
        <true />
        <key>strongKill</key>
        <false />
        <key>os</key>
        <integer>1</integer>
        <key>executable</key>
        <string>RPCService</string>
        <key>originalName</key>
        <string>RPCService</string>
        <key>description</key>
        <string />
        <key>identifier</key>
        <string />
        <key>windowHandlingProcess</key>
        <string />
        <key>user</key>
        <string />
      </dict>
      <dict>
        <key>active</key>
        <true />
        <key>currentUser</key>
        <true />
        <key>strongKill</key>
        <false />
        <key>os</key>
        <integer>1</integer>
        <key>executable</key>
        <string>RemotePCDesktop</string>
        <key>originalName</key>
        <string>RemotePCDesktop</string>
        <key>description</key>
        <string />
        <key>identifier</key>
        <string />
        <key>windowHandlingProcess</key>
        <string />
        <key>user</key>
        <string />
      </dict>
      <dict>
        <key>active</key>
        <true />
        <key>currentUser</key>
        <true />
        <key>strongKill</key>
        <false />
        <key>os</key>
        <integer>1</integer>
        <key>executable</key>
        <string>beamyourscreen-host</string>
        <key>originalName</key>
        <string>beamyourscreen-host</string>
        <key>description</key>
        <string />
        <key>identifier</key>
        <string />
        <key>windowHandlingProcess</key>
        <string />
        <key>user</key>
        <string />
      </dict>
      <dict>
        <key>active</key>
        <true />
        <key>currentUser</key>
        <true />
        <key>strongKill</key>
        <false />
        <key>os</key>
        <integer>1</integer>
        <key>executable</key>
        <string>AeroAdmin</string>
        <key>originalName</key>
        <string>AeroAdmin</string>
        <key>description</key>
        <string />
        <key>identifier</key>
        <string />
        <key>windowHandlingProcess</key>
        <string />
        <key>user</key>
        <string />
      </dict>
      <dict>
        <key>active</key>
        <true />
        <key>currentUser</key>
        <true />
        <key>strongKill</key>
        <false />
        <key>os</key>
        <integer>1</integer>
        <key>executable</key>
        <string>Mikogo-host</string>
        <key>originalName</key>
        <string>Mikogo-host</string>
        <key>description</key>
        <string />
        <key>identifier</key>
        <string />
        <key>windowHandlingProcess</key>
        <string />
        <key>user</key>
        <string />
      </dict>
      <dict>
        <key>active</key>
        <true />
        <key>currentUser</key>
        <true />
        <key>strongKill</key>
        <false />
        <key>os</key>
        <integer>1</integer>
        <key>executable</key>
        <string>chromoting</string>
        <key>originalName</key>
        <string>chromoting</string>
        <key>description</key>
        <string />
        <key>identifier</key>
        <string />
        <key>windowHandlingProcess</key>
        <string />
        <key>user</key>
        <string />
      </dict>
      <dict>
        <key>active</key>
        <true />
        <key>currentUser</key>
        <true />
        <key>strongKill</key>
        <false />
        <key>os</key>
        <integer>1</integer>
        <key>executable</key>
        <string>vncserverui</string>
        <key>originalName</key>
        <string>vncserverui</string>
        <key>description</key>
        <string />
        <key>identifier</key>
        <string />
        <key>windowHandlingProcess</key>
        <string />
        <key>user</key>
        <string />
      </dict>
      <dict>
        <key>active</key>
        <true />
        <key>currentUser</key>
        <true />
        <key>strongKill</key>
        <false />
        <key>os</key>
        <integer>1</integer>
        <key>executable</key>
        <string>vncviewer</string>
        <key>originalName</key>
        <string>vncviewer</string>
        <key>description</key>
        <string />
        <key>identifier</key>
        <string />
        <key>windowHandlingProcess</key>
        <string />
        <key>user</key>
        <string />
      </dict>
      <dict>
        <key>active</key>
        <true />
        <key>currentUser</key>
        <true />
        <key>strongKill</key>
        <false />
        <key>os</key>
        <integer>1</integer>
        <key>executable</key>
        <string>vncserver</string>
        <key>originalName</key>
        <string>vncserver</string>
        <key>description</key>
        <string />
        <key>identifier</key>
        <string />
        <key>windowHandlingProcess</key>
        <string />
        <key>user</key>
        <string />
      </dict>
      <dict>
        <key>active</key>
        <true />
        <key>currentUser</key>
        <true />
        <key>strongKill</key>
        <false />
        <key>os</key>
        <integer>1</integer>
        <key>executable</key>
        <string>TeamViewer</string>
        <key>originalName</key>
        <string>TeamViewer</string>
        <key>description</key>
        <string />
        <key>identifier</key>
        <string />
        <key>windowHandlingProcess</key>
        <string />
        <key>user</key>
        <string />
      </dict>
      <dict>
        <key>active</key>
        <true />
        <key>currentUser</key>
        <true />
        <key>strongKill</key>
        <false />
        <key>os</key>
        <integer>1</integer>
        <key>executable</key>
        <string>GotoMeetingWinStore</string>
        <key>originalName</key>
        <string>GotoMeetingWinStore</string>
        <key>description</key>
        <string />
        <key>identifier</key>
        <string />
        <key>windowHandlingProcess</key>
        <string />
        <key>user</key>
        <string />
      </dict>
      <dict>
        <key>active</key>
        <true />
        <key>currentUser</key>
        <true />
        <key>strongKill</key>
        <false />
        <key>os</key>
        <integer>1</integer>
        <key>executable</key>
        <string>g2mcomm.exe</string>
        <key>originalName</key>
        <string>g2mcomm.exe</string>
        <key>description</key>
        <string />
        <key>identifier</key>
        <string />
        <key>windowHandlingProcess</key>
        <string />
        <key>user</key>
        <string />
      </dict>
      <dict>
        <key>active</key>
        <true />
        <key>currentUser</key>
        <true />
        <key>strongKill</key>
        <false />
        <key>os</key>
        <integer>1</integer>
        <key>executable</key>
        <string>SkypeHost</string>
        <key>originalName</key>
        <string>SkypeHost</string>
        <key>description</key>
        <string />
        <key>identifier</key>
        <string />
        <key>windowHandlingProcess</key>
        <string />
        <key>user</key>
        <string />
      </dict>
      <dict>
        <key>active</key>
        <true />
        <key>currentUser</key>
        <true />
        <key>strongKill</key>
        <false />
        <key>os</key>
        <integer>1</integer>
        <key>executable</key>
        <string>Skype</string>
        <key>originalName</key>
        <string>Skype</string>
        <key>description</key>
        <string />
        <key>identifier</key>
        <string />
        <key>windowHandlingProcess</key>
        <string />
        <key>user</key>
        <string />
      </dict>
    </array>
    <key>enableURLFilter</key>
    <false />
    <key>enableURLContentFilter</key>
    <false />
    <key>URLFilterRules</key>
    <array></array>
    <key>URLFilterEnable</key>
    <false />
    <key>URLFilterEnableContentFilter</key>
    <false />
    <key>blacklistURLFilter</key>
    <string />
    <key>whitelistURLFilter</key>
    <string />
    <key>urlFilterTrustedContent</key>
    <true />
    <key>urlFilterRegex</key>
    <true />
    <key>embeddedCertificates</key>
    <array></array>
    <key>pinEmbeddedCertificates</key>
    <false />
    <key>proxySettingsPolicy</key>
    <integer>0</integer>
    <key>proxies</key>
    <dict>
      <key>ExceptionsList</key>
      <array></array>
      <key>ExcludeSimpleHostnames</key>
      <false />
      <key>AutoDiscoveryEnabled</key>
      <false />
      <key>AutoConfigurationEnabled</key>
      <false />
      <key>AutoConfigurationJavaScript</key>
      <string />
      <key>AutoConfigurationURL</key>
      <string />
      <key>FTPPassive</key>
      <true />
      <key>HTTPEnable</key>
      <false />
      <key>HTTPPort</key>
      <integer>80</integer>
      <key>HTTPProxy</key>
      <string />
      <key>HTTPRequiresPassword</key>
      <false />
      <key>HTTPUsername</key>
      <string />
      <key>HTTPPassword</key>
      <string />
      <key>HTTPSEnable</key>
      <false />
      <key>HTTPSPort</key>
      <integer>443</integer>
      <key>HTTPSProxy</key>
      <string />
      <key>HTTPSRequiresPassword</key>
      <false />
      <key>HTTPSUsername</key>
      <string />
      <key>HTTPSPassword</key>
      <string />
      <key>FTPEnable</key>
      <false />
      <key>FTPPort</key>
      <integer>21</integer>
      <key>FTPProxy</key>
      <string />
      <key>FTPRequiresPassword</key>
      <false />
      <key>FTPUsername</key>
      <string />
      <key>FTPPassword</key>
      <string />
      <key>SOCKSEnable</key>
      <false />
      <key>SOCKSPort</key>
      <integer>1080</integer>
      <key>SOCKSProxy</key>
      <string />
      <key>SOCKSRequiresPassword</key>
      <false />
      <key>SOCKSUsername</key>
      <string />
      <key>SOCKSPassword</key>
      <string />
      <key>RTSPEnable</key>
      <false />
      <key>RTSPPort</key>
      <integer>554</integer>
      <key>RTSPProxy</key>
      <string />
      <key>RTSPRequiresPassword</key>
      <false />
      <key>RTSPUsername</key>
      <string />
      <key>RTSPPassword</key>
      <string />
    </dict>
    <key>sebServicePolicy</key>
    <integer>1</integer>
    <key>allowVirtualMachine</key>
    <false />
    <key>allowScreenSharing</key>
    <false />
    <key>enablePrivateClipboard</key>
    <true />
    <key>createNewDesktop</key>
    <true />
    <key>killExplorerShell</key>
    <false />
    <key>enableLogging</key>
    <true />
    <key>logDirectoryOSX</key>
    <string>~/Documents</string>
    <key>logDirectoryWin</key>
    <string />
    <key>allowWlan</key>
    <false />
    <key>lockOnMessageSocketClose</key>
    <true />
    <key>minMacOSVersion</key>
    <integer>4</integer>
    <key>enableAppSwitcherCheck</key>
    <true />
    <key>forceAppFolderInstall</key>
    <true />
    <key>allowUserAppFolderInstall</key>
    <false />
    <key>allowSiri</key>
    <false />
    <key>allowDictation</key>
    <false />
    <key>detectStoppedProcess</key>
    <true />
    <key>allowDisplayMirroring</key>
    <false />
    <key>allowedDisplaysMaxNumber</key>
    <integer>1</integer>
    <key>allowedDisplayBuiltin</key>
    <true />
    <key>insideSebEnableSwitchUser</key>
    <false />
    <key>insideSebEnableLockThisComputer</key>
    <false />
    <key>insideSebEnableChangeAPassword</key>
    <false />
    <key>insideSebEnableStartTaskManager</key>
    <false />
    <key>insideSebEnableLogOff</key>
    <false />
    <key>insideSebEnableShutDown</key>
    <false />
    <key>insideSebEnableEaseOfAccess</key>
    <false />
    <key>insideSebEnableVmWareClientShade</key>
    <false />
    <key>insideSebEnableEnableNetworkConnectionSelector</key>
    <false />
    <key>hookKeys</key>
    <true />
    <key>enableEsc</key>
    <true />
    <key>enableCtrlEsc</key>
    <false />
    <key>enableAltEsc</key>
    <false />
    <key>enableAltTab</key>
    <true />
    <key>enableAltF4</key>
    <false />
    <key>enableStartMenu</key>
    <false />
    <key>enableRightMouse</key>
    <true />
    <key>enablePrintScreen</key>
    <false />
    <key>enableAltMouseWheel</key>
    <false />
    <key>enableF1</key>
    <true />
    <key>enableF2</key>
    <true />
    <key>enableF3</key>
    <true />
    <key>enableF4</key>
    <true />
    <key>enableF5</key>
    <true />
    <key>enableF6</key>
    <true />
    <key>enableF7</key>
    <true />
    <key>enableF8</key>
    <true />
    <key>enableF9</key>
    <true />
    <key>enableF10</key>
    <true />
    <key>enableF11</key>
    <true />
    <key>enableF12</key>
    <true />
  </dict>
</plist>