﻿<?xml version="1.0" encoding="utf-8" ?>
<Text>
    <Entry key="AboutWindow_LicenseInfo">
        This application is subject to the terms of the Mozilla Public License, version 2.0. Safe Exam Browser uses the following frameworks and third-party libraries:
    </Entry>
    <Entry key="AboutWindow_Title">
        Version &amp; License Information
    </Entry>
    <Entry key="Browser_BlockedContentMessage">
        Content blocked
    </Entry>
    <Entry key="Browser_BlockedPageButton">
        Back to previous page
    </Entry>
    <Entry key="Browser_BlockedPageMessage">
        Access to this page is not allowed according to the current configuration.
    </Entry>
    <Entry key="Browser_BlockedPageTitle">
        Page Blocked
    </Entry>
    <Entry key="Browser_LoadErrorMessage">
        An error occurred while loading page "%%URL%%":
    </Entry>
    <Entry key="Browser_LoadErrorTitle">
        Page Load Error
    </Entry>
    <Entry key="Browser_Name">
        Browser
    </Entry>
    <Entry key="Browser_PrintNotAllowed">
        Printing is not allowed according to the current configuration.
    </Entry>
    <Entry key="Browser_Tooltip">
        Open Webpages
    </Entry>
    <Entry key="BrowserWindow_DeveloperConsoleMenuItem">
        Developer Console
    </Entry>
    <Entry key="BrowserWindow_Downloading">
        Downloading...
    </Entry>
    <Entry key="BrowserWindow_DownloadCancelled">
        Cancelled.
    </Entry>
    <Entry key="BrowserWindow_DownloadComplete">
        Downloaded.
    </Entry>
    <Entry key="BrowserWindow_FindCaseSensitive">
        Case-sensitive search
    </Entry>
    <Entry key="BrowserWindow_FindMenuItem">
        Search page...
    </Entry>
    <Entry key="BrowserWindow_ReloadButton">
        Reload
    </Entry>
    <Entry key="BrowserWindow_BackwardButton">
        Backward
    </Entry>
    <Entry key="BrowserWindow_ForwardButton">
        Forward
    </Entry>
    <Entry key="BrowserWindow_DownloadsButton">
        Download
    </Entry>
    <Entry key="BrowserWindow_HomeButton">
        Home
    </Entry>
    <Entry key="BrowserWindow_MenuButton">
        Menu
    </Entry>
    <Entry key="BrowserWindow_CloseButton">
        Close
    </Entry>
    <Entry key="BrowserWindow_UrlTextBox">
        Enter URL
    </Entry>
    <Entry key="BrowserWindow_ZoomLevelReset">
        Page Zoom at %%ZOOM%% %. Click to Reset.
    </Entry>
    <Entry key="BrowserWindow_ZoomMenuItem">
        Page Zoom
    </Entry>
    <Entry key="BrowserWindow_ZoomMenuPlus">
        Increase Page Zoom
    </Entry>
    <Entry key="BrowserWindow_ZoomMenuMinus">
        Decrease Page Zoom
    </Entry>
    <Entry key="BrowserWindow_SearchTextBox">
        Enter text to search
    </Entry>
    <Entry key="BrowserWindow_SearchNext">
        Next search result
    </Entry>
    <Entry key="BrowserWindow_SearchPrevious">
        Previous search result
    </Entry>
    <Entry key="Build">
        Build
    </Entry>
    <Entry key="CredentialsDialog_PasswordLabel">
        Password:
    </Entry>
    <Entry key="CredentialsDialog_UsernameLabel">
        Username:
    </Entry>
    <Entry key="CredentialsDialog_UsernameOptionalLabel">
        Username (if required):
    </Entry>
    <Entry key="CredentialsDialog_WirelessNetworkMessage">
        Please enter the required credentials to establish a connection to the wireless network "%%_NAME_%%".
    </Entry>
    <Entry key="CredentialsDialog_WirelessNetworkTitle">
        Network Authentication Required
    </Entry>
    <Entry key="ExamSelectionDialog_Cancel">
        Cancel
    </Entry>
    <Entry key="ExamSelectionDialog_Message">
        Please select one of the available SEB-Server exams:
    </Entry>
    <Entry key="ExamSelectionDialog_Select">
        Select
    </Entry>
    <Entry key="ExamSelectionDialog_Title">
        SEB-Server Exams
    </Entry>
    <Entry key="FileSystemDialog_Cancel">
        Cancel
    </Entry>
    <Entry key="FileSystemDialog_LoadError">
        Failed to load data!
    </Entry>
    <Entry key="FileSystemDialog_Loading">
        Loading...
    </Entry>
    <Entry key="FileSystemDialog_OpenFileMessage">
        Please select a file to open.
    </Entry>
    <Entry key="FileSystemDialog_OpenFolderMessage">
        Please select a folder.
    </Entry>
    <Entry key="FileSystemDialog_OverwriteWarning">
        The selected file already exists! Would you really like to overwrite it?
    </Entry>
    <Entry key="FileSystemDialog_OverwriteWarningTitle">
        Overwrite?
    </Entry>
    <Entry key="FileSystemDialog_SaveAs">
        Save as:
    </Entry>
    <Entry key="FileSystemDialog_SaveFileMessage">
        Please select a location to save the file.
    </Entry>
    <Entry key="FileSystemDialog_SaveFolderMessage">
        Please select a location to save the folder.
    </Entry>
    <Entry key="FileSystemDialog_Select">
        Select
    </Entry>
    <Entry key="FileSystemDialog_Title">
        File System Access
    </Entry>
    <Entry key="FolderDialog_ApplicationLocation">
        Application "%%NAME%%" could not be found on the system! Please locate the folder containing the main executable "%%EXECUTABLE%%".
    </Entry>
    <Entry key="LockScreen_ApplicationIntegrityMessage">
        You are using an unofficial SEB version! Please make sure to use an official Safe Exam Browser. In order to unlock SEB, please enter the correct unlock password.
    </Entry>
    <Entry key="LockScreen_ApplicationsAllowOption">
        Temporarily allow the blacklisted applications. This applies only to the currently running instances and session!
    </Entry>
    <Entry key="LockScreen_ApplicationsMessage">
        The blacklisted applications listed below were started and could not be automatically terminated! In order to unlock SEB, please select one of the available options and enter the correct unlock password.
    </Entry>
    <Entry key="LockScreen_ApplicationsTerminateOption">
        Terminate Safe Exam Browser. WARNING: There will be no possibility to save data or perform any further actions, the shutdown will be initiated immediately!
    </Entry>
    <Entry key="LockScreen_CursorContinueOption">
        Temporarily allow the cursor configuration. This applies only to the currently running session!
    </Entry>
    <Entry key="LockScreen_CursorMessage">
        A prohibited cursor configuration has been detected. In order to unlock SEB, please select one of the available options and enter the correct unlock password.
    </Entry>
    <Entry key="LockScreen_CursorTerminateOption">
        Terminate Safe Exam Browser. WARNING: There will be no possibility to save data or perform any further actions, the shutdown will be initiated immediately!
    </Entry>
    <Entry key="LockScreen_DisplayConfigurationContinueOption">
        Temporarily allow the display configuration. This applies only to the currently running session!
    </Entry>
    <Entry key="LockScreen_DisplayConfigurationMessage">
        A prohibited display configuration has been detected. In order to unlock SEB, please select one of the available options and enter the correct unlock password.
    </Entry>
    <Entry key="LockScreen_DisplayConfigurationTerminateOption">
        Terminate Safe Exam Browser. WARNING: There will be no possibility to save data or perform any further actions, the shutdown will be initiated immediately!
    </Entry>
    <Entry key="LockScreen_EaseOfAccessContinueOption">
        Temporarily allow the ease of access configuration. This applies only to the currently running session!
    </Entry>
    <Entry key="LockScreen_EaseOfAccessMessage">
        A prohibited ease of access configuration for the Windows Security Screen has been detected. In order to unlock SEB, please select one of the available options and enter the correct unlock password.
    </Entry>
    <Entry key="LockScreen_EaseOfAccessTerminateOption">
        Terminate Safe Exam Browser. WARNING: There will be no possibility to save data or perform any further actions, the shutdown will be initiated immediately!
    </Entry>
    <Entry key="LockScreen_SessionIntegrityMessage">
        The last session with the currently active configuration or start URL was not terminated properly! Please enter the correct password to unlock SEB.
    </Entry>
    <Entry key="LockScreen_StickyKeysContinueOption">
        Temporarily allow the state of the sticky keys. This applies only to the currently running session!
    </Entry>
    <Entry key="LockScreen_StickyKeysMessage">
        A prohibited state of the sticky keys has been detected. In order to unlock SEB, please select one of the available options and enter the correct unlock password.
    </Entry>
    <Entry key="LockScreen_StickyKeysTerminateOption">
        Terminate Safe Exam Browser. WARNING: There will be no possibility to save data or perform any further actions, the shutdown will be initiated immediately!
    </Entry>
    <Entry key="LockScreen_Title">
        SEB LOCKED
    </Entry>
    <Entry key="LockScreen_UnlockButton">
        Unlock
    </Entry>
    <Entry key="LockScreen_UserSessionContinueOption">
        Unlock Safe Exam Browser.
    </Entry>
    <Entry key="LockScreen_UserSessionMessage">
        The active user has changed or the computer has been locked! In order to unlock SEB, please select one of the available options and enter the correct unlock password.
    </Entry>
    <Entry key="LockScreen_UserSessionTerminateOption">
        Terminate Safe Exam Browser. WARNING: There will be no possibility to save data or perform any further actions, the shutdown will be initiated immediately!
    </Entry>
    <Entry key="LockScreen_UserSwitchMessage">
        The active user has changed! In order to unlock SEB, please select one of the available options and enter the correct unlock password.
    </Entry>
    <Entry key="LogWindow_AlwaysOnTop">
        Always on top
    </Entry>
    <Entry key="LogWindow_AutoScroll">
        Auto-scroll content
    </Entry>
    <Entry key="LogWindow_Title">
        Application Log
    </Entry>
    <Entry key="MessageBox_ApplicationAutoTerminationQuestion">
        The applications listed below need to be terminated before a new session can be started. Would you like to automatically terminate them now?
    </Entry>
    <Entry key="MessageBox_ApplicationAutoTerminationQuestionTitle">
        Running Applications Detected
    </Entry>
    <Entry key="MessageBox_ApplicationAutoTerminationDataLossWarning">
        WARNING: Any unsaved application data might be lost!
    </Entry>
    <Entry key="MessageBox_ApplicationError">
        An unrecoverable error has occurred! Please consult the log files for more information. SEB will now shut down...
    </Entry>
    <Entry key="MessageBox_ApplicationErrorTitle">
        Application Error
    </Entry>
    <Entry key="MessageBox_ApplicationInitializationFailure">
        Application %%NAME%% could not be initialized and will thus not be available for the new session! Please consult the log files for more information.
    </Entry>
    <Entry key="MessageBox_ApplicationInitializationFailureTitle">
        Application Initialization Failed
    </Entry>
    <Entry key="MessageBox_ApplicationNotFound">
        Application %%NAME%% could not be found on the system and will thus not be available for the new session! Please consult the log files for more information.
    </Entry>
    <Entry key="MessageBox_ApplicationNotFoundTitle">
        Application Not Found
    </Entry>
    <Entry key="MessageBox_ApplicationTerminationFailure">
        The applications listed below could not be terminated! Please terminate them manually and try again...
    </Entry>
    <Entry key="MessageBox_ApplicationTerminationFailureTitle">
        Automatic Termination Failed
    </Entry>
    <Entry key="MessageBox_BrowserHomeQuestion">
        Are you sure? (This function doesn't log you out if you are logged in on a website)
    </Entry>
    <Entry key="MessageBox_BrowserHomeQuestionTitle">
        Back to Start
    </Entry>
    <Entry key="MessageBox_BrowserNavigationBlocked">
        Access to "%%URL%%" is not allowed according to the current configuration.
    </Entry>
    <Entry key="MessageBox_BrowserNavigationBlockedTitle">
        Page Blocked
    </Entry>
    <Entry key="MessageBox_BrowserQuitUrlConfirmation">
        The browser application has detected a quit URL! Would you like to terminate SEB now?
    </Entry>
    <Entry key="MessageBox_BrowserQuitUrlConfirmationTitle">
        Quit URL Detected
    </Entry>
    <Entry key="MessageBox_CancelButton">
        Cancel
    </Entry>
    <Entry key="MessageBox_ClientConfigurationError">
        The local client configuration has failed! Please consult the log files for more information. SEB will now shut down...
    </Entry>
    <Entry key="MessageBox_ClientConfigurationErrorTitle">
        Configuration Error
    </Entry>
    <Entry key="MessageBox_ClientConfigurationQuestion">
        The client configuration has been saved and will be used when you start SEB the next time. Do you want to quit for now?
    </Entry>
    <Entry key="MessageBox_ClientConfigurationQuestionTitle">
        Configuration Successful
    </Entry>
    <Entry key="MessageBox_ConfigurationDownloadError">
        Failed to download the new configuration. Please try again or contact technical support.
    </Entry>
    <Entry key="MessageBox_ConfigurationDownloadErrorTitle">
        Download Error
    </Entry>
    <Entry key="MessageBox_DisplayConfigurationError">
        The active display configuration is not permitted. %%_ALLOWED_COUNT_%% %%_TYPE_%% display(s) are allowed, but %%_INTERNAL_COUNT_%% internal and %%_EXTERNAL_COUNT_%% external display(s) were detected. Please consult the log files for more information. SEB will now shut down...
    </Entry>
    <Entry key="MessageBox_DisplayConfigurationErrorTitle">
        Prohibited Display Configuration
    </Entry>
    <Entry key="MessageBox_DisplayConfigurationInternal">
        internal
    </Entry>
    <Entry key="MessageBox_DisplayConfigurationInternalOrExternal">
        internal or external
    </Entry>
    <Entry key="MessageBox_DownloadNotAllowed">
        Downloading files is not allowed in the current SEB settings. Please report this to your exam provider.
    </Entry>
    <Entry key="MessageBox_DownloadNotAllowedTitle">
        Downloading Not Allowed!
    </Entry>
    <Entry key="MessageBox_InvalidConfigurationData">
        The configuration resource "%%URI%%" contains invalid data!
    </Entry>
    <Entry key="MessageBox_InvalidConfigurationDataTitle">
        Configuration Error
    </Entry>
    <Entry key="MessageBox_InvalidHomePassword">
        The password you entered is incorrect.
    </Entry>
    <Entry key="MessageBox_InvalidHomePasswordTitle">
        Invalid Password
    </Entry>
    <Entry key="MessageBox_InvalidPasswordError">
        You failed to enter the correct password within 5 attempts. SEB will now terminate...
    </Entry>
    <Entry key="MessageBox_InvalidPasswordErrorTitle">
        Invalid Password
    </Entry>
    <Entry key="MessageBox_InvalidQuitPassword">
        SEB can only be terminated by entering the correct quit password.
    </Entry>
    <Entry key="MessageBox_InvalidQuitPasswordTitle">
        Invalid Quit Password
    </Entry>
    <Entry key="MessageBox_InvalidUnlockPassword">
        SEB can only be unlocked by entering the correct password.
    </Entry>
    <Entry key="MessageBox_InvalidUnlockPasswordTitle">
        Invalid Unlock Password
    </Entry>
    <Entry key="MessageBox_NoButton">
        No
    </Entry>
    <Entry key="MessageBox_NotSupportedConfigurationResource">
        The configuration resource "%%URI%%" is not supported!
    </Entry>
    <Entry key="MessageBox_NotSupportedConfigurationResourceTitle">
        Configuration Error
    </Entry>
    <Entry key="MessageBox_OkButton">
        OK
    </Entry>
    <Entry key="MessageBox_PageLeaveConfirmation">
        Would you like to leave the current page?
    </Entry>
    <Entry key="MessageBox_PageLeaveConfirmationTitle">
        Leave?
    </Entry>
    <Entry key="MessageBox_PageReloadConfirmation">
        Would you like to reload the current page?
    </Entry>
    <Entry key="MessageBox_PageReloadConfirmationTitle">
        Reload?
    </Entry>
    <Entry key="MessageBox_Quit">
        Do you want to quit SEB?
    </Entry>
    <Entry key="MessageBox_QuitTitle">
        Quit?
    </Entry>
    <Entry key="MessageBox_QuitError">
        The client failed to communicate the shutdown request to the runtime!
    </Entry>
    <Entry key="MessageBox_QuitErrorTitle">
        Quit Error
    </Entry>
    <Entry key="MessageBox_ReconfigurationDenied">
        You are not allowed to reconfigure SEB.
    </Entry>
    <Entry key="MessageBox_ReconfigurationDeniedTitle">
        Reconfiguration Denied
    </Entry>
    <Entry key="MessageBox_ReconfigurationError">
        The client failed to communicate the reconfiguration request to the runtime!
    </Entry>
    <Entry key="MessageBox_ReconfigurationErrorTitle">
        Reconfiguration Error
    </Entry>
    <Entry key="MessageBox_RemoteSessionNotAllowed">
        The system appears to be running in a remote session. The selected configuration does not allow SEB to be run in a remote session.
    </Entry>
    <Entry key="MessageBox_RemoteSessionNotAllowedTitle">
        Remote Session Detected
    </Entry>
    <Entry key="MessageBox_ScreenProctoringDisclaimer">
        Your screen will be recorded during this exam in accordance with the specifications and data privacy regulations of your exam provider. If you have any questions, please contact your exam provider.
    </Entry>
    <Entry key="MessageBox_ScreenProctoringDisclaimerTitle">
        Session with Screen Proctoring
    </Entry>
    <Entry key="MessageBox_ServiceUnavailableError">
        Failed to initialize the SEB service! SEB will now terminate since the service is configured to be mandatory.
    </Entry>
    <Entry key="MessageBox_ServiceUnavailableErrorTitle">
        Service Unavailable
    </Entry>
    <Entry key="MessageBox_ServiceUnavailableWarning">
        Failed to initialize the SEB service. SEB will continue initialization since the service is configured to be optional.
    </Entry>
    <Entry key="MessageBox_ServiceUnavailableWarningTitle">
        Service Unavailable
    </Entry>
    <Entry key="MessageBox_SessionStartError">
        SEB failed to start a new session! Please consult the log files for more information.
    </Entry>
    <Entry key="MessageBox_SessionStartErrorTitle">
        Session Start Error
    </Entry>
    <Entry key="MessageBox_ShutdownError">
        An unexpected error occurred during the shutdown procedure! Please consult the log files for more information.
    </Entry>
    <Entry key="MessageBox_ShutdownErrorTitle">
        Shutdown Error
    </Entry>
    <Entry key="MessageBox_StartupError">
        An unexpected error occurred during the startup procedure! Please consult the log files for more information.
    </Entry>
    <Entry key="MessageBox_StartupErrorTitle">
        Startup Error
    </Entry>
    <Entry key="MessageBox_UnexpectedConfigurationError">
        An unexpected error occurred while trying to load configuration resource "%%URI%%"! Please consult the log files for more information.
    </Entry>
    <Entry key="MessageBox_UnexpectedConfigurationErrorTitle">
        Configuration Error
    </Entry>
    <Entry key="MessageBox_UploadNotAllowed">
        Uploading files is not allowed in the current SEB settings. Please report this to your exam provider.
    </Entry>
    <Entry key="MessageBox_UploadNotAllowedTitle">
        Uploading Not Allowed!
    </Entry>
    <Entry key="MessageBox_VersionRestrictionError">
        The installed SEB version %%_VERSION_%% cannot be used as the selected configuration requires to use a specific version:%%_REQUIRED_VERSIONS_%%Please download and install the required version from the official website (safeexambrowser.org/download) or from the repository of SEB for Windows on GitHub (github.com/safeexambrowser).
    </Entry>
    <Entry key="MessageBox_VersionRestrictionErrorTitle">
        Invalid SEB Version
    </Entry>
    <Entry key="MessageBox_VersionRestrictionMinimum">
        SEB %%_VERSION_%% or newer
    </Entry>
    <Entry key="MessageBox_VideoProctoringDisclaimer">
        The current session will be remote proctored using a live video and audio stream, which is sent to an individually configured server. Ask your examinator about their privacy policy. SEB itself doesn't connect to any centralized SEB proctoring server, your exam provider decides which proctoring service/server to use.
    </Entry>
    <Entry key="MessageBox_VideoProctoringDisclaimerTitle">
        Session with Remote Proctoring
    </Entry>
    <Entry key="MessageBox_VirtualMachineNotAllowed">
        This computer appears to be a virtual machine. The selected configuration does not allow SEB to be run in a virtual machine.
    </Entry>
    <Entry key="MessageBox_VirtualMachineNotAllowedTitle">
        Virtual Machine Detected
    </Entry>
    <Entry key="MessageBox_YesButton">
        Yes
    </Entry>
    <Entry key="MessageBox_ZoomNotSupported">
        The selected configuration requires remote proctoring with Zoom, which this SEB version does not support. Please download and install the SEB version specified by your exam organizer. Due to licensing issues, remote proctoring with Zoom is only available for SEB Alliance members. Please refer to https://safeexambrowser.org/alliance for more information.
    </Entry>
    <Entry key="MessageBox_ZoomNotSupportedTitle">
        Zoom Proctoring Required
    </Entry>
    <Entry key="Notification_AboutTooltip">
        Information about SEB
    </Entry>
    <Entry key="Notification_LogTooltip">
        Application Log
    </Entry>
    <Entry key="Notification_ProctoringActiveTooltip">
        Remote proctoring is active
    </Entry>
    <Entry key="Notification_ProctoringHandLowered">
        Hand is lowered
    </Entry>
    <Entry key="Notification_ProctoringHandRaised">
        Hand is raised
    </Entry>
    <Entry key="Notification_ProctoringInactiveTooltip">
        Remote proctoring is inactive
    </Entry>
    <Entry key="Notification_ProctoringLowerHand">
        Lower hand
    </Entry>
    <Entry key="Notification_ProctoringRaiseHand">
        Raise hand
    </Entry>
    <Entry key="OperationStatus_CloseRuntimeConnection">
        Closing runtime connection
    </Entry>
    <Entry key="OperationStatus_FinalizeApplications">
        Finalizing applications
    </Entry>
    <Entry key="OperationStatus_FinalizeClipboard">
        Finalizing clipboard
    </Entry>
    <Entry key="OperationStatus_FinalizeServer">
        Finalizing SEB-Server
    </Entry>
    <Entry key="OperationStatus_FinalizeServiceSession">
        Finalizing service session
    </Entry>
    <Entry key="OperationStatus_FinalizeSystemEvents">
        Finalizing system events
    </Entry>
    <Entry key="OperationStatus_InitializeApplications">
        Initializing applications
    </Entry>
    <Entry key="OperationStatus_InitializeBrowser">
        Initializing browser
    </Entry>
    <Entry key="OperationStatus_InitializeClipboard">
        Initializing clipboard
    </Entry>
    <Entry key="OperationStatus_InitializeConfiguration">
        Initializing configuration
    </Entry>
    <Entry key="OperationStatus_InitializeKioskMode">
        Initializing kiosk mode
    </Entry>
    <Entry key="OperationStatus_InitializePermissions">
        Initializing permissions
    </Entry>
    <Entry key="OperationStatus_InitializeProctoring">
        Initializing remote proctoring
    </Entry>
    <Entry key="OperationStatus_InitializeRuntimeConnection">
        Initializing runtime connection
    </Entry>
    <Entry key="OperationStatus_InitializeServer">
        Initializing SEB-Server
    </Entry>
    <Entry key="OperationStatus_InitializeServiceSession">
        Initializing service session
    </Entry>
    <Entry key="OperationStatus_InitializeSession">
        Initializing new session
    </Entry>
    <Entry key="OperationStatus_InitializeShell">
        Initializing user interface
    </Entry>
    <Entry key="OperationStatus_InitializeSystemEvents">
        Initializing system events
    </Entry>
    <Entry key="OperationStatus_InitializeWindowGuard">
        Initializing window guard
    </Entry>
    <Entry key="OperationStatus_InitializeWorkingArea">
        Initializing working area
    </Entry>
    <Entry key="OperationStatus_RestartCommunicationHost">
        Restarting communication host
    </Entry>
    <Entry key="OperationStatus_RestoreWorkingArea">
        Restoring working area
    </Entry>
    <Entry key="OperationStatus_RevertKioskMode">
        Reverting kiosk mode
    </Entry>
    <Entry key="OperationStatus_StartClient">
        Starting client
    </Entry>
    <Entry key="OperationStatus_StartCommunicationHost">
        Starting communication host
    </Entry>
    <Entry key="OperationStatus_StartKeyboardInterception">
        Starting keyboard interception
    </Entry>
    <Entry key="OperationStatus_StartMouseInterception">
        Starting mouse interception
    </Entry>
    <Entry key="OperationStatus_StopClient">
        Stopping client
    </Entry>
    <Entry key="OperationStatus_StopCommunicationHost">
        Stopping communication host
    </Entry>
    <Entry key="OperationStatus_StopKeyboardInterception">
        Stopping keyboard interception
    </Entry>
    <Entry key="OperationStatus_StopMouseInterception">
        Stopping mouse interception
    </Entry>
    <Entry key="OperationStatus_TerminateBrowser">
        Terminating browser
    </Entry>
    <Entry key="OperationStatus_TerminateProctoring">
        Terminating remote proctoring
    </Entry>
    <Entry key="OperationStatus_TerminateShell">
        Terminating user interface
    </Entry>
    <Entry key="OperationStatus_ValidateDisplayConfiguration">
        Validating display configuration policy
    </Entry>
    <Entry key="OperationStatus_ValidateRemoteSessionPolicy">
        Validating remote session policy
    </Entry>
    <Entry key="OperationStatus_ValidateVersionRestrictions">
        Validating version restrictions
    </Entry>
    <Entry key="OperationStatus_ValidateVirtualMachinePolicy">
        Validating virtual machine policy
    </Entry>
    <Entry key="OperationStatus_VerifyApplicationIntegrity">
        Verifying integrity
    </Entry>
    <Entry key="OperationStatus_VerifySessionIntegrity">
        Verifying session integrity
    </Entry>
    <Entry key="OperationStatus_WaitDisclaimerConfirmation">
        Waiting for confirmation of the disclaimer
    </Entry>
    <Entry key="OperationStatus_WaitErrorConfirmation">
        Waiting for confirmation of the error message
    </Entry>
    <Entry key="OperationStatus_WaitExplorerStartup">
        Waiting for Windows explorer to start up
    </Entry>
    <Entry key="OperationStatus_WaitExplorerTermination">
        Waiting for Windows explorer to shut down
    </Entry>
    <Entry key="OperationStatus_WaitRuntimeDisconnection">
        Waiting for the runtime to disconnect
    </Entry>
    <Entry key="PasswordDialog_BrowserHomePasswordRequired">
        Enter quit/restart password: (This function doesn't log you out if you are logged in on a website)
    </Entry>
    <Entry key="PasswordDialog_BrowserHomePasswordRequiredTitle">
        Back to Start
    </Entry>
    <Entry key="PasswordDialog_Cancel">
        Cancel
    </Entry>
    <Entry key="PasswordDialog_Confirm">
        Confirm
    </Entry>
    <Entry key="PasswordDialog_LocalAdminPasswordRequired">
        Please enter the administrator password for the local client configuration:
    </Entry>
    <Entry key="PasswordDialog_LocalAdminPasswordRequiredTitle">
        Password Required
    </Entry>
    <Entry key="PasswordDialog_LocalSettingsPasswordRequired">
        Please enter the password for the local client configuration:
    </Entry>
    <Entry key="PasswordDialog_LocalSettingsPasswordRequiredTitle">
        Password Required
    </Entry>
    <Entry key="PasswordDialog_QuitPasswordRequired">
        Please enter the quit password in order to terminate SEB:
    </Entry>
    <Entry key="PasswordDialog_QuitPasswordRequiredTitle">
        Password Required
    </Entry>
    <Entry key="PasswordDialog_SettingsPasswordRequired">
        Please enter the exam password:
    </Entry>
    <Entry key="PasswordDialog_SettingsPasswordRequiredTitle">
        Password Required
    </Entry>
    <Entry key="ProctoringFinalizationDialog_Abort">
        Quit
    </Entry>
    <Entry key="ProctoringFinalizationDialog_Confirm">
        Confirm
    </Entry>
    <Entry key="ProctoringFinalizationDialog_FailureMessage">
        The remaining operations could not be completed as there is a problem with the network and/or screen proctoring service.
    </Entry>
    <Entry key="ProctoringFinalizationDialog_InfoMessage">
        Please wait while the screen procotoring is executing its remaining operations. This may take a while, depending on the network and screen proctoring service status.
    </Entry>
    <Entry key="ProctoringFinalizationDialog_PasswordMessage">
        Please enter the quit password to cancel the execution of the remaining operations:
    </Entry>
    <Entry key="ProctoringFinalizationDialog_Status">
        Executing transmission operation %%_COUNT_%% of %%_TOTAL_%%.
    </Entry>
    <Entry key="ProctoringFinalizationDialog_StatusAndTime">
        Waiting to execute transmission operation %%_COUNT_%% of %%_TOTAL_%% at %%_TIME_%%...
    </Entry>
    <Entry key="ProctoringFinalizationDialog_StatusWaiting">
        Waiting to resume %%_COUNT_%% transmission operations...
    </Entry>
    <Entry key="ProctoringFinalizationDialog_StatusWaitingAndTime">
        Waiting to resume %%_COUNT_%% transmission operations at %%_TIME_%%...
    </Entry>
    <Entry key="ProctoringFinalizationDialog_Title">
        Screen Proctoring Finalization
    </Entry>
    <Entry key="RuntimeWindow_ApplicationRunning">
        SEB is running.
    </Entry>
    <Entry key="ServerFailureDialog_Abort">
        Abort
    </Entry>
    <Entry key="ServerFailureDialog_Fallback">
        Fallback
    </Entry>
    <Entry key="ServerFailureDialog_Message">
        An error occurred while trying to communicate with the SEB server.
    </Entry>
    <Entry key="ServerFailureDialog_Retry">
        Retry
    </Entry>
    <Entry key="ServerFailureDialog_Title">
        SEB-Server Error
    </Entry>
    <Entry key="Shell_QuitButton">
        Terminate Session
    </Entry>
    <Entry key="SystemControl_AudioDeviceInfo">
        %%NAME%%: %%VOLUME%%%
    </Entry>
    <Entry key="SystemControl_AudioDeviceInfoMuted">
        %%NAME%%: Muted
    </Entry>
    <Entry key="SystemControl_AudioDeviceMuteTooltip">
        Click to mute audio
    </Entry>
    <Entry key="SystemControl_AudioDeviceNotFound">
        No active audio device found
    </Entry>
    <Entry key="SystemControl_AudioDeviceUnmuteTooltip">
        Click to unmute audio
    </Entry>
    <Entry key="SystemControl_BatteryCharging">
        Plugged in, charging... (%%CHARGE%%%)
    </Entry>
    <Entry key="SystemControl_BatteryCharged">
        Fully charged (%%CHARGE%%%)
    </Entry>
    <Entry key="SystemControl_BatteryChargeCriticalWarning">
        The battery charge is critically low. Please connect your computer to a power supply!
    </Entry>
    <Entry key="SystemControl_BatteryChargeLowInfo">
        The battery charge is getting low. Consider connecting your computer to a power supply in time...
    </Entry>
    <Entry key="SystemControl_BatteryRemainingCharge">
        %%HOURS%%h %%MINUTES%%min remaining (%%CHARGE%%%)
    </Entry>
    <Entry key="SystemControl_KeyboardLayoutTooltip">
        The current keyboard layout is "%%LAYOUT%%"
    </Entry>
    <Entry key="SystemControl_NetworkDisconnected">
        Disconnected
    </Entry>
    <Entry key="SystemControl_NetworkNotAvailable">
        No wireless network adapter available or turned on
    </Entry>
    <Entry key="SystemControl_NetworkWiredConnected">
        Connected
    </Entry>
    <Entry key="SystemControl_NetworkWirelessConnected">
        Connected to "%%NAME%%"
    </Entry>
    <Entry key="SystemControl_NetworkWirelessConnecting">
        Connecting...
    </Entry>
    <Entry key="Version">
        Version
    </Entry>
</Text>